stage_name,level,difficulty,question_text,option_a,option_b,option_c,option_d,correct_answer,explanation
"مرحله 1",1,1,"کدام یک از موارد زیر در پیشگیری از دیابت مؤثر است؟","الف) مصرف زیاد قند","ب) کم تحرکی","ج) ورزش منظم","د) مصرف فست فود","C","ورزش منظم یکی از مهم‌ترین عوامل پیشگیری از دیابت است"
"مرحله 1",1,1,"کدام گروه غذایی بیشترین تأثیر را بر قند خون دارد؟","الف) پروتئین‌ها","ب) کربوهیدرات‌ها","ج) چربی‌ها","د) ویتامین‌ها","B","کربوهیدرات‌ها بیشترین تأثیر را بر افزایش قند خون دارند"
"مرحله 1",1,1,"کدام یک از علائم زیر نشانه دیابت است؟","الف) تشنگی زیاد","ب) کاهش اشتها","ج) خواب زیاد","د) افزایش وزن","A","تشنگی زیاد یکی از علائم اصلی دیابت محسوب می‌شود"
"مرحله 1",1,1,"بهترین نوع نان برای افراد دیابتی کدام است؟","الف) نان سفید","ب) نان کامل","ج) نان شیرین","د) نان تست","B","نان کامل حاوی فیبر بیشتر و برای دیابتی‌ها مناسب‌تر است"
"مرحله 1",1,1,"کدام میان وعده برای دیابتی‌ها مناسب است؟","الف) شیرینی","ب) چیپس","ج) آجیل","د) شکلات","C","آجیل حاوی چربی‌های مفید و پروتئین است و برای دیابتی‌ها مناسب است"
"مرحله 1",1,1,"دیابت نوع 2 بیشتر در کدام گروه سنی دیده می‌شود؟","الف) کودکان","ب) نوجوانان","ج) بزرگسالان","د) همه سنین","C","دیابت نوع 2 بیشتر در بزرگسالان و سالمندان شایع است"
"مرحله 1",1,1,"کدام عامل خطر دیابت قابل تغییر است؟","الف) سن","ب) جنسیت","ج) وزن","د) ژن‌ها","C","وزن یکی از عوامل خطر قابل تغییر برای دیابت محسوب می‌شود"
"مرحله 2",2,1,"کدام روش اندازه‌گیری قند خون دقیق‌تر است؟","الف) آزمایش ادرار","ب) آزمایش خون","ج) معاینه چشم","د) اندازه‌گیری فشار خون","B","آزمایش خون دقیق‌ترین روش اندازه‌گیری قند خون است"
"مرحله 2",2,1,"چه مقدار ورزش در هفته برای دیابتی‌ها توصیه می‌شود؟","الف) روزی 10 دقیقه","ب) هفته‌ای 150 دقیقه","ج) ماهی یک بار","د) سالی چند بار","B","150 دقیقه ورزش متوسط در هفته برای دیابتی‌ها توصیه می‌شود"
"مرحله 2",2,1,"کدام نوشیدنی برای دیابتی‌ها مناسب نیست؟","الف) آب","ب) چای بدون قند","ج) نوشابه","د) قهوه بدون قند","C","نوشابه حاوی قند زیاد است و برای دیابتی‌ها مضر است"
"مرحله 2",2,1,"هموگلوبین A1C چه چیزی را نشان می‌دهد؟","الف) قند خون لحظه‌ای","ب) میانگین قند خون 2-3 ماه گذشته","ج) فشار خون","د) چربی خون","B","HbA1c میانگین قند خون 2-3 ماه گذشته را نشان می‌دهد"
"مرحله 2",2,1,"کدام میوه برای دیابتی‌ها مناسب‌تر است؟","الف) انگور","ب) خرما","ج) سیب","د) انجیر","C","سیب حاوی فیبر بیشتر و قند کمتری نسبت به سایر میوه‌ها دارد"
"مرحله 2",2,1,"در صورت افت قند خون، فوری‌ترین اقدام چیست؟","الف) خوردن قند","ب) تزریق انسولین","ج) خوابیدن","د) ورزش کردن","A","در افت قند خون باید فوراً قند یا مواد قندی مصرف کرد"
"مرحله 3",3,1,"کدام یک از موارد زیر در کنترل قند خون مؤثر است؟","الف) مصرف دارو","ب) رژیم غذایی","ج) ورزش","د) همه موارد","D","همه این موارد در کنترل قند خون مؤثر هستند"
"مرحله 3",3,1,"کدام یک از موارد زیر علامت هشدار دهنده دیابت است؟","الف) تشنگی زیاد","ب) ادرار زیاد","ج) خستگی","د) همه موارد","D","همه این علائم می‌توانند نشانه دیابت باشند"
"مرحله 3",3,1,"کدام یک از موارد زیر در پیشگیری از عوارض دیابت مؤثر است؟","الف) کنترل قند خون","ب) کنترل فشار خون","ج) کنترل چربی خون","د) همه موارد","D","همه این موارد در پیشگیری از عوارض دیابت مؤثر هستند"
"مرحله 3",3,1,"کدام یک از موارد زیر در درمان دیابت نوع 2 استفاده می‌شود؟","الف) انسولین","ب) قرص‌های ضد دیابت","ج) رژیم غذایی و ورزش","د) همه موارد","D","همه این روش‌ها در درمان دیابت نوع 2 استفاده می‌شوند"
"مرحله 3",3,1,"کدام یک از موارد زیر عارضه دیابت محسوب می‌شود؟","الف) بیماری قلبی","ب) آسیب کلیه","ج) آسیب چشم","د) همه موارد","D","همه این موارد عوارض دیابت محسوب می‌شوند"
"مرحله 3",3,1,"کدام یک از موارد زیر در مراقبت از پا در دیابتی‌ها مهم است؟","الف) بررسی روزانه پا","ب) استفاده از کفش مناسب","ج) مراجعه به پزشک در صورت زخم","د) همه موارد","D","همه این موارد در مراقبت از پا در دیابتی‌ها مهم هستند"
"مرحله 3",3,1,"کدام یک از موارد زیر در آموزش خودمراقبتی دیابت مهم است؟","الف) اندازه‌گیری قند خون","ب) تشخیص علائم کم قندی","ج) مدیریت استرس","د) همه موارد","D","همه این موارد در آموزش خودمراقبتی دیابت مهم هستند"
"مرحله 7",7,3,"به نظر شما چه عاملی در ایجاد دیابت نوع 2 نقش دارد؟","الف) چاقی","ب) کم تحرکی","ج) سابقه خانوادگی","د) همه موارد","D","همه این عوامل در ایجاد دیابت نوع 2 نقش دارند"
"مرحله 7",7,3,"کدام یک از موارد زیر در کنترل وزن و پیشگیری از دیابت مؤثر است؟","الف) رژیم غذایی سالم","ب) ورزش منظم","ج) کاهش استرس","د) همه موارد","D","همه این موارد در کنترل وزن و پیشگیری از دیابت مؤثر هستند"
"مرحله 7",7,3,"کدام یک از موارد زیر در کنترل قند خون مؤثر است؟","الف) مصرف دارو","ب) رژیم غذایی","ج) ورزش","د) همه موارد","D","همه این موارد در کنترل قند خون مؤثر هستند"
"مرحله 7",7,3,"کدام یک از موارد زیر علامت هشدار دهنده دیابت است؟","الف) تشنگی زیاد","ب) ادرار زیاد","ج) خستگی","د) همه موارد","D","همه این علائم می‌توانند نشانه دیابت باشند"
"مرحله 7",7,3,"کدام یک از موارد زیر در پیشگیری از عوارض دیابت مؤثر است؟","الف) کنترل قند خون","ب) کنترل فشار خون","ج) کنترل چربی خون","د) همه موارد","D","همه این موارد در پیشگیری از عوارض دیابت مؤثر هستند"
"مرحله 7",7,3,"کدام یک از موارد زیر در درمان دیابت نوع 2 استفاده می‌شود؟","الف) انسولین","ب) قرص‌های ضد دیابت","ج) رژیم غذایی و ورزش","د) همه موارد","D","همه این روش‌ها در درمان دیابت نوع 2 استفاده می‌شوند"
"مرحله 7",7,3,"کدام یک از موارد زیر عارضه دیابت محسوب می‌شود؟","الف) بیماری قلبی","ب) آسیب کلیه","ج) آسیب چشم","د) همه موارد","D","همه این موارد عوارض دیابت محسوب می‌شوند"
"مرحله 8",8,3,"کدام یک از موارد زیر در مراقبت از پا در دیابتی‌ها مهم است؟","الف) بررسی روزانه پا","ب) استفاده از کفش مناسب","ج) مراجعه به پزشک در صورت زخم","د) همه موارد","D","همه این موارد در مراقبت از پا در دیابتی‌ها مهم هستند"
"مرحله 8",8,3,"کدام یک از موارد زیر در آموزش خودمراقبتی دیابت مهم است؟","الف) اندازه‌گیری قند خون","ب) تشخیص علائم کم قندی","ج) مدیریت استرس","د) همه موارد","D","همه این موارد در آموزش خودمراقبتی دیابت مهم هستند"
"مرحله 8",8,3,"کدام یک از موارد زیر در تغذیه دیابتی‌ها اهمیت دارد؟","الف) کنترل مقدار کربوهیدرات","ب) انتخاب کربوهیدرات پیچیده","ج) مصرف فیبر","د) همه موارد","D","همه این موارد در تغذیه دیابتی‌ها اهمیت دارند"
"مرحله 8",8,3,"کدام یک از موارد زیر در ورزش دیابتی‌ها مهم است؟","الف) شروع تدریجی","ب) کنترل قند خون قبل و بعد ورزش","ج) انتخاب ورزش مناسب","د) همه موارد","D","همه این موارد در ورزش دیابتی‌ها مهم هستند"
"مرحله 8",8,3,"کدام یک از موارد زیر در مدیریت استرس دیابتی‌ها مؤثر است؟","الف) تکنیک‌های آرام‌سازی","ب) ورزش منظم","ج) حمایت اجتماعی","د) همه موارد","D","همه این موارد در مدیریت استرس دیابتی‌ها مؤثر هستند"
"مرحله 8",8,3,"کدام یک از موارد زیر در پیگیری دیابت مهم است؟","الف) آزمایش‌های منظم","ب) ویزیت پزشک","ج) کنترل عوارض","د) همه موارد","D","همه این موارد در پیگیری دیابت مهم هستند"
"مرحله 8",8,3,"کدام یک از موارد زیر در آموزش خانواده دیابتی مهم است؟","الف) شناخت علائم کم قندی","ب) آشنایی با رژیم غذایی","ج) حمایت روحی","د) همه موارد","D","همه این موارد در آموزش خانواده دیابتی مهم هستند"
"مرحله 9",9,3,"کدام یک از موارد زیر در پیشگیری از دیابت در کودکان مؤثر است؟","الف) تغذیه سالم","ب) فعالیت بدنی","ج) کنترل وزن","د) همه موارد","D","همه این موارد در پیشگیری از دیابت در کودکان مؤثر هستند"
"مرحله 9",9,3,"کدام یک از موارد زیر در مراقبت از دیابت در بارداری مهم است؟","الف) کنترل دقیق قند خون","ب) رژیم غذایی مناسب","ج) پیگیری پزشکی منظم","د) همه موارد","D","همه این موارد در مراقبت از دیابت در بارداری مهم هستند"
"مرحله 9",9,3,"کدام یک از موارد زیر در مدیریت دیابت در سالمندان مهم است؟","الف) تنظیم دارو","ب) پیشگیری از افتادن","ج) کنترل فشار خون","د) همه موارد","D","همه این موارد در مدیریت دیابت در سالمندان مهم هستند"
"مرحله 9",9,3,"کدام یک از موارد زیر در آموزش مهارت‌های زندگی دیابتی‌ها مهم است؟","الف) برنامه‌ریزی غذا","ب) مدیریت زمان","ج) حل مسئله","د) همه موارد","D","همه این موارد در آموزش مهارت‌های زندگی دیابتی‌ها مهم هستند"
"مرحله 9",9,3,"کدام یک از موارد زیر در حمایت اجتماعی دیابتی‌ها مؤثر است؟","الف) گروه‌های حمایتی","ب) آموزش خانواده","ج) مشاوره روان‌شناختی","د) همه موارد","D","همه این موارد در حمایت اجتماعی دیابتی‌ها مؤثر هستند"
"مرحله 9",9,3,"کدام یک از موارد زیر در ارزیابی کیفیت زندگی دیابتی‌ها مهم است؟","الف) کنترل قند خون","ب) رضایت از زندگی","ج) عملکرد اجتماعی","د) همه موارد","D","همه این موارد در ارزیابی کیفیت زندگی دیابتی‌ها مهم هستند"
"مرحله 9",9,3,"کدام یک از موارد زیر در پیشگیری از عوارض حاد دیابت مؤثر است؟","الف) آموزش بیمار","ب) کنترل منظم قند خون","ج) دسترسی به مراقبت‌های اورژانسی","د) همه موارد","D","همه این موارد در پیشگیری از عوارض حاد دیابت مؤثر هستند"
"مرحله 4",4,2,"کدام گزینه انتخاب بهتری به عنوان میان وعده برای پیشگیری از دیابت (دیابت) در آسان است؟","الف) شکلات و چیپس","ب) آب میوه طبیعی","ج) یک عدد میوه","د) قهوه شیرین","C","یک عدد میوه حاوی فیبر و ویتامین‌های مفید است"
"مرحله 4",4,2,"در اکثر افراد، مصرف ............ موجب افزایش قند خون می شود","الف) کربوهیدرات","ب) پروتئین","ج) چربی","د) ویتامین","A","کربوهیدرات‌ها اصلی‌ترین عامل افزایش قند خون هستند"
"مرحله 4",4,2,"بیماران دیابتی باید ساله حداقل ........ جلسه برای پیگیری با هدف بهبود سبک زندگی و زایش پایه‌های","الف) 2","ب) 4","ج) 6","د) 8","B","چهار جلسه در سال برای پیگیری بیماران دیابتی توصیه می‌شود"
"مرحله 4",4,2,"کدام گزینه انتخاب بهتری برای قندی دیابتی است که قصد دارد شیر مصرف کند؟","الف) شیر پرچرب","ب) شیر کم‌چرب","ج) شیر شکلاتی","د) شیر میوه‌ای","B","شیر کم‌چرب برای دیابتی‌ها مناسب‌تر است"
"مرحله 4",4,2,"کدام گزینه انتخاب بهتری برای خرید نان در بیماران دیابتی است؟","الف) نان سفید","ب) نان کامل","ج) نان شیرین","د) نان تست","B","نان کامل حاوی فیبر بیشتر و مناسب برای دیابتی‌ها است"
"مرحله 4",4,2,"برای جلوگیری از بروز بیماری های قلبی در بیماران دیابتی توصیه می شود چندبار در هفته از ماهی استفاده شود؟","الف) یک بار","ب) دو بار","ج) سه بار","د) هر روز","B","دو بار در هفته مصرف ماهی برای سلامت قلب توصیه می‌شود"
"مرحله 4",4,2,"بیماری دیابتی به همراه دعوت و مشود هدف میوه تا به تعارف و شود. به نظر شما کدام میوه انتخاب","الف) انگور","ب) سیب","ج) خرما","د) انجیر","B","سیب حاوی فیبر بیشتر و قند کمتری دارد"
"مرحله 5",5,2,"در بیماران دیابتی، خوردن کدام گزینه زیر، خطر پیشگیری برای افزایش قند خون به همراه دارد؟","الف) سبزیجات","ب) گوشت","ج) کیک","د) ماهی","C","کیک حاوی قند زیاد است و باعث افزایش قند خون می‌شود"
"مرحله 5",5,2,"کدام توصیه غذایی برای بیماران دیابتی صحیح نیست؟","الف) مصرف فیبر","ب) کاهش قند","ج) افزایش چربی","د) ورزش منظم","C","افزایش چربی برای بیماران دیابتی توصیه نمی‌شود"
"مرحله 5",5,2,"در خصوص مصرف میان وعده ها (میان وعده) در بیماران دیابتی کدام گزینه صحیح است؟","الف) اجباری است","ب) ممنوع است","ج) در صورت نیاز","د) فقط شب","C","میان وعده در صورت نیاز و با نظارت پزشک مصرف شود"
"مرحله 5",5,2,"از عوارض دیابت فیزیکی است","الف) آسیب چشم","ب) آسیب کلیه","ج) آسیب اعصاب","د) همه موارد","D","دیابت می‌تواند همه این عوارض را ایجاد کند"
"مرحله 5",5,2,"کدامیک از عوامل زیر عامل خطر در نظر گرفته می شود برای ابتلا به دیابت نوع 2 است؟","الف) سن بالا","ب) چاقی","ج) سابقه خانوادگی","د) همه موارد","D","همه این عوامل خطر ابتلا به دیابت نوع 2 هستند"
"مرحله 5",5,2,"کدام رژیم غذایی برای دیابت توصیه میشود","الف) کم کربوهیدرات","ب) پرچربی","ج) متعادل","د) پرپروتئین","C","رژیم غذایی متعادل برای دیابتی‌ها بهترین انتخاب است"
"مرحله 5",5,2,"آیا دیابت درمان قطعی دارد","الف) بله","ب) خیر","ج) فقط نوع 1","د) فقط نوع 2","B","دیابت درمان قطعی ندارد اما قابل کنترل است"
"مرحله 6",6,2,"کدام یک از عوامل زیر در کنترل قند خون موثر است؟","الف) ورزش","ب) رژیم غذایی","ج) دارو","د) همه موارد","D","همه این عوامل در کنترل قند خون موثر هستند"
"مرحله 6",6,2,"بهترین زمان برای اندازه گیری قند خون ناشتا کدام است؟","الف) صبح","ب) ظهر","ج) عصر","د) شب","A","صبح بهترین زمان برای اندازه‌گیری قند خون ناشتا است"
"مرحله 6",6,2,"کدام نوع ورزش برای دیابتی ها توصیه می شود؟","الف) شدید","ب) ملایم","ج) متوسط","د) بدون ورزش","C","ورزش متوسط برای دیابتی‌ها مناسب است"
"مرحله 6",6,2,"کدام یک از علائم کاهش قند خون است؟","الف) تشنگی","ب) لرزش","ج) خستگی","د) همه موارد","B","لرزش از علائم اصلی کاهش قند خون است"
"مرحله 6",6,2,"در صورت بروز کاهش قند خون چه باید کرد؟","الف) قند مصرف کنید","ب) دارو بخورید","ج) ورزش کنید","د) استراحت کنید","A","مصرف قند سریع‌ترین راه درمان کاهش قند خون است"
"مرحله 6",6,2,"کدام یک از مواد غذایی زیر قند خون را سریع بالا می برد؟","الف) گوشت","ب) سبزیجات","ج) عسل","د) پنیر","C","عسل حاوی قند ساده است و سریع قند خون را بالا می‌برد"
"مرحله 6",6,2,"چند بار در روز باید قند خون را اندازه گیری کرد؟","الف) یک بار","ب) دو بار","ج) بر اساس توصیه پزشک","د) هر ساعت","C","تعداد اندازه‌گیری قند خون باید بر اساس توصیه پزشک باشد"
"مرحله 10",10,4,"چه راه‌های تغذیه‌ای برای کنترل دیابت نوع 2 صحیح نیست؟","الف) افزایش دادن مصرف الیاف غذایی","ب) افزایش دادن مدت زمان ورزش روزانه","ج) اندازه گیری روزانه قند خون با دستگاه گلوکومتر","د) کاهش مصرف روزانه","A","افزایش مصرف الیاف غذایی برای کنترل دیابت مفید است"
"مرحله 10",10,4,"چه سطحی از قند خون در حالت ناشتا بر حسب میلی گرم در دسی لیتر دیابت را نشان می‌دهد؟","الف) بیشتر از 126","ب) بیشتر از 100 تا 126","ج) 100 تا 126","د) بیشتر از 200","A","قند خون ناشتا بیشتر از 126 میلی‌گرم در دسی‌لیتر نشانه دیابت است"
"مرحله 10",10,4,"کدام یک از موارد غذایی زیر شاخص گلایسمی پایین‌تری دارد؟","الف) جو پرک","ب) خیار","ج) سیب زمینی","د) آناناس","B","خیار دارای شاخص گلایسمی بسیار پایین است"
"مرحله 10",10,4,"بیماری به عنوان کدام یک از موارد زیر تعریف می‌شود؟","الف) افزایش قابل توجه در سطح قند خون","ب) خیلی کم بودن سطح قند خون","ج) بیماری به عنوان کدام یک از موارد زیر تعریف می‌شود؟","د) تغییر نمی‌کند","A","دیابت با افزایش قابل توجه در سطح قند خون تعریف می‌شود"
"مرحله 10",10,4,"بیماری به عنوان کدام یک از موارد زیر تعریف می‌شود؟","الف) افزایش قابل توجه در سطح قند خون","ب) خیلی کم بودن سطح قند خون","ج) بیماری به عنوان کدام یک از موارد زیر تعریف می‌شود؟","د) تغییر نمی‌کند","A","دیابت با افزایش قابل توجه در سطح قند خون تعریف می‌شود"
"مرحله 10",10,4,"کدام نشانه از افراد دیابتی برای پیگیری بیماری های قلبی عروق مهم است؟","الف) قند خون","ب) بیماری های قلبی عروق","ج) کلیه قند خون","د) کلیه قند خون","B","پیگیری بیماری‌های قلبی عروقی در دیابتی‌ها بسیار مهم است"
"مرحله 10",10,4,"انجام فعالیت بدنی به چه میزان و شدت در پیشگیری از دیابت موثر است؟","الف) 75 دقیقه در هفته، با شدت کم","ب) 150 دقیقه در هفته، با شدت متوسط","ج) 75 دقیقه در روز، با شدت متوسط","د) 100 دقیقه در هفته، با شدت کم","B","150 دقیقه فعالیت بدنی با شدت متوسط در هفته توصیه می‌شود"
"مرحله 11",11,4,"در نوجوانان مبتلا به دیابت نوع 2، کدام گزینه هدف تغذیه ای اصلی است و بر روی آن تأکید بیشتری وجود دارد؟","الف) تلاش برای پیشگیری از چاقی و حفظ رشد فیزی طبیعی","ب) کاهش درمان کالری برای جلوگیری از چاقی","ج) انجام رژیمهای سخت جهت کاهش وزن در صورت چاقی","د) کاهش وزن در صورت اضافه وزن","A","در نوجوانان هدف اصلی پیشگیری از چاقی و حفظ رشد طبیعی است"
"مرحله 11",11,4,"بعد از شروع شدن قند خون، داروهای تجویز شده رفع و کم شدن آن را تضمین می‌کنند؟","الف) بله، داروها تجویز شده رفع و کم شدن آن را تضمین می‌کنند","ب) خیر، داروها تجویز شده رفع و کم شدن آن را تضمین نمی‌کنند","ج) پیگیری مرحله سکوم","د) یک مرحله سکوم","B","داروها تنها کمک به کنترل می‌کنند و درمان قطعی نیستند"
"مرحله 11",11,4,"چون دیابت صعب العلاج دیابت هست میتوان به جای آن استفاده کرد؟","الف) برای آینده بیمه پیش بینی کرد، داروهای تکمیلی کرد، داروهای دیابت عادت کرد، داروهای دیابت عادت کرد","ب) برای آینده بیمه پیش بینی کرد، داروهای تکمیلی کرد","ج) برای آینده بیمه پیش بینی کرد، داروهای تکمیلی کرد، داروهای دیابت عادت کرد","د) برای آینده بیمه پیش بینی کرد، داروهای تکمیلی کرد، داروهای دیابت عادت کرد، داروهای دیابت عادت کرد","A","مدیریت جامع دیابت شامل همه این موارد است"
"مرحله 11",11,4,"فعال در مصرف پروتئین","الف) فعال در مصرف پروتئین","ب) مصرف پروتئین","ج) پروتئین","د) امام مواد غذایی","C","پروتئین جزء مهمی از رژیم غذایی دیابتی‌ها است"
"مرحله 11",11,4,"نوع دیابت کدام است؟","الف) دیابت کودکان - دیابت بزرگسالان - دیابت سالمندان","ب) دیابت نوع 1 - دیابت نوع 2 - دیابت بارداری","ج) دیابت ساده - دیابت پیچیده","د) دیابت عصبی - دیابت غدد","B","انواع اصلی دیابت شامل نوع 1، نوع 2 و دیابت بارداری است"
"مرحله 11",11,4,"کدام گزینه شامل رژیم غذایی سالم برای پیشگیری از دیابت نمی‌شود؟","الف) علت کم بودن تصمیم شده","ب) رژیم غذایی از سبزیجات پذیر","ج) بهتر از توصیفات های حاوی شکر","د) استفاده از روغن های حاوی شکر","D","استفاده از روغن‌های حاوی شکر برای دیابتی‌ها مضر است"
"مرحله 11",11,4,"بهترین نوع ورزش برای افراد دیابتی کدام است؟","الف) پیاده روی","ب) دویدن آهسته","ج) دو چرخه سواری","د) همه موارد فوق","D","همه این ورزش‌ها برای دیابتی‌ها مفید هستند"
"مرحله 12",12,4,"نوع دیابت کدام است؟","الف) دیابت کودکان - دیابت بزرگسالان - دیابت سالمندان","ب) دیابت نوع 1 - دیابت نوع 2 - دیابت بارداری","ج) دیابت ساده - دیابت پیچیده","د) دیابت عصبی - دیابت غدد","B","انواع اصلی دیابت شامل نوع 1، نوع 2 و دیابت بارداری است"
"مرحله 12",12,4,"چگونه دیابت در بدن ایجاد می‌گردد؟","الف) از طریق عدم تولید","ب) از طریق عدم تولید","ج) از طریق پنکراس","د) از طریق پنکراس","C","دیابت از طریق مشکل در پانکراس ایجاد می‌شود"
"مرحله 12",12,4,"نوع دیابت کدام است؟","الف) دیابت کودکان - دیابت بزرگسالان - دیابت سالمندان","ب) دیابت نوع 1 - دیابت نوع 2 - دیابت بارداری","ج) دیابت ساده - دیابت پیچیده","د) دیابت عصبی - دیابت غدد","B","انواع اصلی دیابت شامل نوع 1، نوع 2 و دیابت بارداری است"
"مرحله 12",12,4,"کدام گزینه هدف تغذیه‌ای اصلی است و بر روی آن تأکید بیشتری وجود دارد؟","الف) تلاش برای پیشگیری از چاقی و حفظ رشد فیزی طبیعی","ب) کاهش درمان کالری برای جلوگیری از چاقی","ج) انجام رژیمهای سخت جهت کاهش وزن در صورت چاقی","د) کاهش وزن در صورت اضافه وزن","A","پیشگیری از چاقی و حفظ رشد طبیعی اولویت اصلی است"
"مرحله 12",12,4,"کدام گزینه در مورد جمله \"افراد دیابتی باید قند خونشان را کنترل کنند\" صحیح است؟","الف) جمله صحیح است","ب) جمله غلط است","ج) جمله صحیح است","د) جمله غلط است","A","کنترل قند خون برای افراد دیابتی ضروری است"
"مرحله 12",12,4,"کدام گزینه در مورد جمله \"مصرف قند میوه، شهد، خوراک سالمی است\" صحیح است؟","الف) جمله صحیح است","ب) جمله غلط است","ج) جمله صحیح است","د) جمله غلط است","B","مصرف بیش از حد قند حتی از منابع طبیعی برای دیابتی‌ها مضر است"
"مرحله 12",12,4,"کدام گزینه در مورد جمله \"افراد دیابتی باید از رژیم غذایی خود به طور کامل حذف کنند\" صحیح است؟","الف) جمله صحیح است","ب) جمله غلط است","ج) جمله صحیح است","د) جمله غلط است","B","حذف کامل قند از رژیم غذایی ضروری نیست، کنترل مقدار مهم است"
"مرحله 13",13,4,"معرفی مکمل آ-3 در افراد دیابتی چه اثرات برای آنان دارد؟","الف) جری نمی گیرند خون و کنترل بد را کاهش می دهد","ب) جری نمی گیرند خون و کنترل بد را افزایش می دهد","ج) جری نمی گیرند خون را افزایش و کنترل بد را کاهش می دهد","د) جری نمی گیرند خون و کنترل بد را تغییر نمی دهد","A","مکمل امگا-3 می‌تواند کنترل قند خون را بهبود بخشد"
"مرحله 13",13,4,"اگر قند دیابتی نیاز به دریافت 80 گرم قند در وعده ناهار خود باشد، به نظر شما کدام گزینه این مقدار را تأمین می کند؟","الف) 2/5 کف دست نان سنگک + یک نان گوگرد مرغ + بیری خوردن آرد","ب) 2 عدد سیب درختی + 10 قاشق غذاخوری برنج + 90 گرم های گیاه + سیری خوردن آرد","ج) نیوان ناشتا گم چرب + 2 کف دست سیب درختی + یک عدد پرتقال + سیری خوردن آرد","د) 2 قاشق غذاخوری برنج + یک کف دست خوردن دال + 15 گرم غذا در بیماران دیابتی است؟","C","ترکیب مناسب کربوهیدرات‌ها برای کنترل قند خون"
"مرحله 13",13,4,"کدام گزینه راهکار مناسب برای کاهش قند خون بعد از صرف غذا در بیماران دیابتی است؟","الف) پیوری از رژیم غذایی معمول با در نظر گیری توزیع کربوهیدرات در وعده های غذایی","ب) پیوری از رژیم غذایی معمول با در نظر گیری توزیع کربوهیدرات در وعده های غذایی","ج) پیوری از رژیم غذایی معمول با در نظر گیری توزیع کربوهیدرات در وعده های غذایی","د) پیوری از رژیم غذایی معمول با در نظر گیری توزیع کربوهیدرات در وعده های غذایی","A","توزیع مناسب کربوهیدرات در وعده‌های غذایی مهم است"
"مرحله 13",13,4,"بیماری دیابتی به طور کلی دچار علائم تعریفی، افزایش ضربان قلب، لرز، تعریق، تحریک پذیری و کیفی شده است که این علائم نشان دهنده چیست؟","الف) دچار افزایش باگیل قند خون شده است","ب) دچار افزایش باگیل قند خون شده است","ج) کاهش بادی های خون نیز باقیمانده است","د) کاهش بادی های خون نیز باقیمانده است","C","این علائم نشانه کاهش قند خون (هیپوگلایسمی) است"
"مرحله 13",13,4,"در صورتیکه در زمان تشخیص، در دو نوبت تست تحمل قند دهانی 2 ساعته نتیجه 200 میلی گرم در دسی لیتر و بیشتر A باشد B باشد C باشد","الف) تشخیص دیابت قطعی است","ب) تشخیص دیابت قطعی نیست","ج) نیاز به تست های بیشتر دارد","د) نتیجه طبیعی است","A","نتیجه 200 میلی‌گرم در دسی‌لیتر و بیشتر در تست تحمل قند نشانه دیابت قطعی است"
"مرحله 13",13,4,"یک سیم کربوهیدرات، بخشی از غذا است که حاوی ............... گرم کربوهیدرات می باشد.","الف) 25","ب) 15","ج) 20","د) 10","B","یک سرویس کربوهیدرات حاوی 15 گرم کربوهیدرات است"
"مرحله 13",13,4,"معرفی کدام نوع آزمون در رژیم غذایی یک بیمار دیابتی، می تواند باعث کنترل بهتر قند خون وی شود؟","الف) رژیم درمانی","ب) رژیم درمانی","ج) رژیم درمانی","د) همراه با غذا","A","رژیم درمانی مناسب کلید کنترل قند خون است"
"مرحله 14",14,4,"وضع منظوری که در بیماران دیابتی قند خون بعد از صرف غذا (2 ساعت قبل از غذا) کدام مقدار باشد؟","الف) کمتر از 140","ب) کمتر از 180","ج) کمتر از 200","د) کمتر از 160","A","قند خون 2 ساعت بعد از غذا باید کمتر از 140 میلی‌گرم در دسی‌لیتر باشد"
"مرحله 14",14,4,"کدام مولکل های غذایی به دلیل خاصیتهای آنتی اکسیدانی و برای بیماران دیابتی قابل توصیه می باشند؟","الف) ویتامین های E و K و آهن","ب) ویتامین های A و B12","ج) ویتامین های E و C و سلنیوم","د) ویتامین های K و آهن","C","ویتامین‌های E و C و سلنیوم دارای خواص آنتی‌اکسیدانی هستند"
"مرحله 14",14,4,"فعالیت فیزیکی برای بیماران دیابتی قابل توصیه و برای بیماران دیابتی قابل توصیه می باشند؟","الف) آیروبیک","ب) آیروبیک سبک خون","ج) آیروبیک سبک خون","د) آیروبیک شریفی","A","فعالیت‌های آیروبیک برای دیابتی‌ها توصیه می‌شود"
"مرحله 14",14,4,"چگونه و تا چه اندازه کاهش وزن و پیشگیری از چاقی در زنان و مردان در جلوگیری از آسیب‌های آکسیداتیو و برای بیماران دیابتی قابل توصیه می باشند؟","الف) ویتامین های E و K و آهن","ب) ویتامین های A و B12","ج) ویتامین های E و C و سلنیوم","د) اسپیدولینا","C","ویتامین‌های E و C و سلنیوم برای پیشگیری از آسیب اکسیداتیو مفیدند"
"مرحله 14",14,4,"فعالیت فیزیکی برای کاهش قند خون در بیماران دیابتی چقدر مؤثر است؟","الف) خیلی مؤثر","ب) کمی مؤثر","ج) متوسط","د) بی‌تأثیر","A","فعالیت فیزیکی بسیار مؤثر در کاهش قند خون است"
"مرحله 14",14,4,"تعریف دیابت چیست؟","الف) به قندخون ناشتا بیشتر یا مساوی 100 گفته می شود.","ب) به قندخون ناشتا بیشتر یا مساوی 101 گفته می شود.","ج) به قندخون ناشتا بیشتر یا مساوی 120 گفته می شود.","د) به قندخون ناشتا بیشتر یا مساوی 126 گفته می شود.","D","دیابت با قند خون ناشتا 126 میلی‌گرم در دسی‌لیتر یا بیشتر تعریف می‌شود"
"مرحله 14",14,4,"بیماری دیابت به دلیل اختلال در ترشیح یا عملکرد کدام هورمون در بدن اتفاق می افتد؟","الف) انسولین","ب) هورمون رشد","ج) هورمون آدرنالین","د) هیچکدام","A","دیابت به دلیل اختلال در انسولین ایجاد می‌شود"
"مرحله 15",15,4,"قند خون ناشتا در چه محدوده ای باید پیش دیابت اطلاق می شود؟","الف) در محدوده 110-80","ب) در محدوده 90-120","ج) در محدوده 100-125","د) در محدوده 120-130","C","پیش دیابت با قند خون ناشتا 100-125 میلی‌گرم در دسی‌لیتر تعریف می‌شود"
"مرحله 15",15,4,"چگونه و تا کنترل کرد و از پیشرفت آن به دیابت جلوگیری کرد؟","الف) کنترل وزن","ب) رژیم غذایی سالم","ج) افزایش فعالیت فیزیکی","د) همه موارد صحیح است","D","همه این روش‌ها برای پیشگیری از دیابت مؤثرند"
"مرحله 15",15,4,"کدام گزینه جزء راه های کاهش خطر ابتلا به پیش دیابت یا دیابت با دیابت می باشد؟","الف) کنترل فشار خون","ب) کنترل چربی خون","ج) کنترل چربی خون","د) همه موارد صحیح است","D","کنترل فشار خون و چربی خون برای پیشگیری از دیابت مهم است"
"مرحله 15",15,4,"برای یک فرد جوان، چه میزان فعالیت فیزیکی برای کاهش وزن و پیشگیری از دیابت پیشنهاد می دهید؟","الف) حداقل 10 دقیقه در هفته","ب) حداقل 100 دقیقه در هفته","ج) حداقل 200 دقیقه در هفته","د) حداقل 250 دقیقه در هفته","C","حداقل 200 دقیقه فعالیت فیزیکی در هفته توصیه می‌شود"
"مرحله 15",15,4,"در مورد وعده غذایی فرد دیابتی، کدام بیانیه صحیح می باشد؟","الف) وعده غذایی فرد دیابتی کاملاً متفاوت از افراد عادی است","ب) رژیم غذایی سالم","ج) در مورد وعده غذایی فرد دیابتی، کدام بیانیه صحیح می باشد؟","د) همه موارد صحیح است","B","رژیم غذایی سالم برای همه افراد مناسب است"
"مرحله 15",15,4,"کدام گزینه در مورد جمله \"در مورد وعده غذایی فرد دیابتی، کدام بیانیه صحیح می باشد؟\" صحیح است؟","الف) جمله صحیح است","ب) جمله غلط است","ج) جمله صحیح است","د) جمله غلط است","A","این جمله صحیح است"
"مرحله 15",15,4,"کدام گزینه در مورد جمله \"در مورد وعده غذایی فرد دیابتی، کدام بیانیه صحیح می باشد؟\" صحیح است؟","الف) جمله صحیح است","ب) جمله غلط است","ج) جمله صحیح است","د) جمله غلط است","A","این جمله صحیح است"